[
  {
    "value": "pav bhaji",
    "synonyms": [
      "pav bhaji",
      "bhaji pav",
      "bhaji",
      "paav bhaji",
      "mumbai pav bhaji"
    ]
  },
  {
    "value": "Chole Bhature",
    "synonyms": [
      "Chole Bhature",
      "chole puri",
      "puri",
      "poori",
      "puri chole",
      "chhole bhature",
      "chhole",
      "puri chhole"
    ]
  },
  {
    "value": "pizza",
    "synonyms": [
      "pizza",
      "Cheeze Pizza",
      "pizzas"
    ]
  },
  {
    "value": "Mango Lassi",
    "synonyms": [
      "Mango Lassi",
      "Aam Lassi",
      "Lassi",
      "Mango Yougurt Drink",
      "Mango Lasi"
    ]
  },
  {
    "value": "Masala Dosa",
    "synonyms": [
      "Masala Dosa",
      "Masale Dose",
      "Dosa"
    ]
  },
  {
    "value": "Vegetable Biriryani",
    "synonyms": [
      "Vegetable Biriryani",
      "Biriyani",
      "vegetable rice"
    ]
  },
  {
    "value": "Vada Pav",
    "synonyms": [
      "Vada Pav",
      "Pav vada",
      "wada pao",
      "vada"
    ]
  },
  {
    "value": "Rava Dosa",
    "synonyms": [
      "Rava Dosa",
      "Ravva DOsa",
      "Ravva Dosa",
      "sooji Dosa",
      "Semolina Pancake",
      "Ravva dose"
    ]
  },
  {
    "value": "Samosa",
    "synonyms": [
      "Samosa",
      "Singhara",
      "aloo samosa"
    ]
  }
]