[
  {
    "id": "bbad1d21-549f-46c4-b34c-def5a731fd23",
    "data": [
      {
        "text": "can you remove ",
        "userDefined": false
      },
      {
        "text": "mango lassi",
        "meta": "@food_item",
        "alias": "food_item",
        "userDefined": false
      },
      {
        "text": "?",
        "userDefined": false
      }
    ],
    "isTemplate": false,
    "count": 0,
    "lang": "en",
    "updated": 0
  },
  {
    "id": "6804492c-fffa-42cc-9f09-0dba7d2ca58e",
    "data": [
      {
        "text": "remove ",
        "userDefined": false
      },
      {
        "text": "pizza",
        "meta": "@food_item",
        "alias": "food_item",
        "userDefined": false
      },
      {
        "text": " from my order",
        "userDefined": false
      }
    ],
    "isTemplate": false,
    "count": 0,
    "lang": "en",
    "updated": 0
  },
  {
    "id": "4e440a50-935a-47db-b6c5-88d1ec7c1fcb",
    "data": [
      {
        "text": "I don\u0027t want ",
        "userDefined": false
      },
      {
        "text": "pav bhaji",
        "meta": "@food_item",
        "alias": "food_item",
        "userDefined": false
      }
    ],
    "isTemplate": false,
    "count": 0,
    "lang": "en",
    "updated": 0
  },
  {
    "id": "41d69564-e08a-4dd5-9d43-f64d056b5f27",
    "data": [
      {
        "text": "hey, plz get rid of rava dosa and samosa",
        "userDefined": false
      }
    ],
    "isTemplate": false,
    "count": 0,
    "lang": "en",
    "updated": 0
  },
  {
    "id": "127bda49-d1de-412c-a39f-3bd8182025ca",
    "data": [
      {
        "text": "delete chole from my order",
        "userDefined": false
      }
    ],
    "isTemplate": false,
    "count": 0,
    "lang": "en",
    "updated": 0
  },
  {
    "id": "927553a2-f59f-467b-b9f5-8be2140d37c3",
    "data": [
      {
        "text": "Please take the ",
        "userDefined": false
      },
      {
        "text": "pizza",
        "meta": "@food_item",
        "alias": "food_item",
        "userDefined": false
      },
      {
        "text": " off my order",
        "userDefined": false
      }
    ],
    "isTemplate": false,
    "count": 0,
    "lang": "en",
    "updated": 0
  },
  {
    "id": "e2fdf3a0-7863-4a9d-99a4-d7925829371a",
    "data": [
      {
        "text": "I would like to remove the ",
        "userDefined": false
      },
      {
        "text": "pizza",
        "meta": "@food_item",
        "alias": "food_item",
        "userDefined": false
      },
      {
        "text": " from my order",
        "userDefined": false
      }
    ],
    "isTemplate": false,
    "count": 0,
    "lang": "en",
    "updated": 0
  },
  {
    "id": "607af7f3-caf7-4056-af58-876cc884ee36",
    "data": [
      {
        "text": "Kindly exclude the rava dosa from my order",
        "userDefined": false
      }
    ],
    "isTemplate": false,
    "count": 0,
    "lang": "en",
    "updated": 0
  },
  {
    "id": "81a28e1d-15d0-491a-af10-2d0ff34dafda",
    "data": [
      {
        "text": "I no longer want the rava dosa in my order, please remove it",
        "userDefined": false
      }
    ],
    "isTemplate": false,
    "count": 0,
    "lang": "en",
    "updated": 0
  },
  {
    "id": "da19ee9f-b910-4863-8b17-89674a8f0bab",
    "data": [
      {
        "text": "I\u0027d like to exclude ",
        "userDefined": false
      },
      {
        "text": "pav bhaji",
        "meta": "@food_item",
        "alias": "food_item",
        "userDefined": false
      },
      {
        "text": " and samosa, please",
        "userDefined": false
      }
    ],
    "isTemplate": false,
    "count": 0,
    "lang": "en",
    "updated": 0
  },
  {
    "id": "a2a0929e-25d2-442f-8a9b-bb3aa7444a5a",
    "data": [
      {
        "text": "Kindly take ",
        "userDefined": false
      },
      {
        "text": "pav bhaji",
        "meta": "@food_item",
        "alias": "food_item",
        "userDefined": false
      },
      {
        "text": " and samosa off the order, please.",
        "userDefined": false
      }
    ],
    "isTemplate": false,
    "count": 0,
    "lang": "en",
    "updated": 0
  },
  {
    "id": "012a95b3-0843-48dc-a827-2e0a1b5b5911",
    "data": [
      {
        "text": "No ",
        "userDefined": false
      },
      {
        "text": "pav bhaji",
        "meta": "@food_item",
        "alias": "food_item",
        "userDefined": false
      },
      {
        "text": " and samosa in my order. please remove.",
        "userDefined": false
      }
    ],
    "isTemplate": false,
    "count": 0,
    "lang": "en",
    "updated": 0
  }
]