[
  {
    "id": "67d36c15-198c-49b0-8c4b-e64fd4668f5f",
    "data": [
      {
        "text": "Done",
        "userDefined": false
      }
    ],
    "isTemplate": false,
    "count": 0,
    "lang": "en",
    "updated": 0
  },
  {
    "id": "769caf36-7a5d-41f1-b7ed-6c82a688508e",
    "data": [
      {
        "text": "Place an order",
        "userDefined": false
      }
    ],
    "isTemplate": false,
    "count": 0,
    "lang": "en",
    "updated": 0
  },
  {
    "id": "37b89cf8-970c-4739-b2eb-05e84250b232",
    "data": [
      {
        "text": "That\u0027s all I needed",
        "userDefined": false
      }
    ],
    "isTemplate": false,
    "count": 0,
    "lang": "en",
    "updated": 0
  },
  {
    "id": "366e1149-495c-4b9d-950e-575b0b2c64b9",
    "data": [
      {
        "text": "Done ordering it",
        "userDefined": false
      }
    ],
    "isTemplate": false,
    "count": 0,
    "lang": "en",
    "updated": 0
  },
  {
    "id": "78612722-234b-4dab-bc20-2c574863522f",
    "data": [
      {
        "text": "Nope",
        "userDefined": false
      }
    ],
    "isTemplate": false,
    "count": 0,
    "lang": "en",
    "updated": 0
  },
  {
    "id": "3fa6c0b3-be69-4b5d-b801-c72efc1c15cf",
    "data": [
      {
        "text": "that completes my order",
        "userDefined": false
      }
    ],
    "isTemplate": false,
    "count": 0,
    "lang": "en",
    "updated": 0
  },
  {
    "id": "83e6f26e-3736-42c2-8e81-bf7bf4fb777a",
    "data": [
      {
        "text": "that\u0027s enough",
        "userDefined": false
      }
    ],
    "isTemplate": false,
    "count": 0,
    "lang": "en",
    "updated": 0
  },
  {
    "id": "56a1829e-00fb-4aeb-ae7b-cbb3f020c472",
    "data": [
      {
        "text": "complete the order please",
        "userDefined": false
      }
    ],
    "isTemplate": false,
    "count": 0,
    "lang": "en",
    "updated": 0
  },
  {
    "id": "07629881-d723-47eb-9e55-6429f797b114",
    "data": [
      {
        "text": "thats it",
        "userDefined": false
      }
    ],
    "isTemplate": false,
    "count": 0,
    "lang": "en",
    "updated": 0
  }
]