[
  {
    "id": "83600f57-9c8e-46b1-adb2-1ee1e021047e",
    "data": [
      {
        "text": "timings",
        "userDefined": false
      }
    ],
    "isTemplate": false,
    "count": 0,
    "lang": "en",
    "updated": 0
  },
  {
    "id": "e2623ac5-893d-4f49-ab5d-1d60f75e5b83",
    "data": [
      {
        "text": "time you accept orders",
        "userDefined": false
      }
    ],
    "isTemplate": false,
    "count": 0,
    "lang": "en",
    "updated": 0
  },
  {
    "id": "e1ae1943-6012-4308-a561-2159dd8d0761",
    "data": [
      {
        "text": "from what time we can come and dine in",
        "userDefined": false
      }
    ],
    "isTemplate": false,
    "count": 0,
    "lang": "en",
    "updated": 0
  },
  {
    "id": "014d6e9a-cb96-4d7c-af15-0a43a23bc98b",
    "data": [
      {
        "text": "restaurant timings",
        "userDefined": false
      }
    ],
    "isTemplate": false,
    "count": 0,
    "lang": "en",
    "updated": 0
  },
  {
    "id": "71de0b20-3eba-4f55-a1bd-230b7360f25c",
    "data": [
      {
        "text": "how many days do your restaurant work",
        "userDefined": false
      }
    ],
    "isTemplate": false,
    "count": 0,
    "lang": "en",
    "updated": 0
  },
  {
    "id": "c13d95e8-792a-4ed1-a359-17da93d7a0e2",
    "data": [
      {
        "text": "can i know the days you serve food",
        "userDefined": false
      }
    ],
    "isTemplate": false,
    "count": 0,
    "lang": "en",
    "updated": 0
  },
  {
    "id": "7e5f00be-0d87-447c-9cef-0332f749a0cd",
    "data": [
      {
        "text": "can i know your store timings",
        "userDefined": false
      }
    ],
    "isTemplate": false,
    "count": 0,
    "lang": "en",
    "updated": 0
  },
  {
    "id": "68d66635-32dc-4e68-838f-28a320c758fc",
    "data": [
      {
        "text": "closing time",
        "userDefined": false
      }
    ],
    "isTemplate": false,
    "count": 0,
    "lang": "en",
    "updated": 0
  },
  {
    "id": "89e182d9-5718-4474-998a-45d2827c67b8",
    "data": [
      {
        "text": "closing hours",
        "userDefined": false
      }
    ],
    "isTemplate": false,
    "count": 0,
    "lang": "en",
    "updated": 0
  },
  {
    "id": "e87a4f40-d242-463d-9e47-ca2e218a3060",
    "data": [
      {
        "text": "the opening hours",
        "userDefined": false
      }
    ],
    "isTemplate": false,
    "count": 0,
    "lang": "en",
    "updated": 0
  },
  {
    "id": "642a6535-564a-4b15-8903-cd14b58b5a55",
    "data": [
      {
        "text": "the opening and closing hours",
        "userDefined": false
      }
    ],
    "isTemplate": false,
    "count": 0,
    "lang": "en",
    "updated": 0
  },
  {
    "id": "8f7d74d8-ca1b-47fd-95c8-04ba6dd34ad8",
    "data": [
      {
        "text": "store timings",
        "userDefined": false
      }
    ],
    "isTemplate": false,
    "count": 0,
    "lang": "en",
    "updated": 0
  },
  {
    "id": "338fb74f-fee8-4808-8724-86ba83ba2363",
    "data": [
      {
        "text": "store timings please",
        "userDefined": false
      }
    ],
    "isTemplate": false,
    "count": 0,
    "lang": "en",
    "updated": 0
  },
  {
    "id": "21dc0019-835d-4f1f-8418-60d8c5f673a2",
    "data": [
      {
        "text": "from what time you guys prepare food",
        "userDefined": false
      }
    ],
    "isTemplate": false,
    "count": 0,
    "lang": "en",
    "updated": 0
  },
  {
    "id": "fbab6e25-9983-4073-b9d6-d52c9e796322",
    "data": [
      {
        "text": "from what time your store opens",
        "userDefined": false
      }
    ],
    "isTemplate": false,
    "count": 0,
    "lang": "en",
    "updated": 0
  },
  {
    "id": "d847c838-011f-4843-9caa-6d8cbbc35ddb",
    "data": [
      {
        "text": "what are your store timings",
        "userDefined": false
      }
    ],
    "isTemplate": false,
    "count": 0,
    "lang": "en",
    "updated": 0
  }
]